gcate|mcate
วัด|สถานที่เกี่ยวกับศาสนา
สถานที่ท่องเที่ยว|ธรรมชาติและสถานที่สวยงาม
เจดีย์|สถานที่เกี่ยวกับศาสนา
สถานที่ประกอบพิธีกรรมทางศาสนา|สถานที่เกี่ยวกับศาสนา
องค์กรไม่แสวงผลกำไร|ตลาดแหล่งชุมชน
สถานที่สำคัญทางประวัติศาสตร์|สถานที่เกี่ยวกับศาสนา
พิพิธภัณฑ์ศิลปะ|พิพิธภัณฑ์
ศูนย์จิตวิญญาณ|สถานที่เกี่ยวกับศาสนา
พิพิธภัณฑ์|พิพิธภัณฑ์
ศาลหลักเมือง|แลนด์มาร์กและอนุสรณ์สถาน
ศูนย์รับบริจาคโลหิต|other
อนุสาวรีย์|แลนด์มาร์กและอนุสรณ์สถาน
องค์กรทางศาสนา|สถานที่เกี่ยวกับศาสนา
ร้านเช่ารถจักรยานยนต์|other
อ่าว|ธรรมชาติและสถานที่สวยงาม
อุทยานแห่งชาติ|ธรรมชาติและสถานที่สวยงาม
สถานีกระเช้าลอยฟ้า|แลนด์มาร์กและอนุสรณ์สถาน
รีสอร์ท|other
จุดชมวิว|แลนด์มาร์กและอนุสรณ์สถาน
สนามบิน|other
ร้านอาหาร|ตลาดแหล่งชุมชน
ซูเปอร์มาร์เก็ต|ตลาดแหล่งชุมชน
ร้านกาแฟ|ตลาดแหล่งชุมชน
เทวสถาน|สถานที่เกี่ยวกับศาสนา
ภัตตาคารอาหารไทย|other
นวดแผนไทย|ตลาดแหล่งชุมชน
ชาไข่มุก|other
ที่พักแรมในอาคาร|other
ร้านอาหารพร้อมรับประทาน|other
ทะเล|ธรรมชาติและสถานที่สวยงาม
สนามแข่งรถ|ตลาดแหล่งชุมชน
อุทยาน|ธรรมชาติและสถานที่สวยงาม
สถานที่สำคัญทางวัฒนธรรม|แลนด์มาร์กและอนุสรณ์สถาน
ร้านก๋วยเตี๋ยว|other
ร้านเบเกอรี่|other
ร้านน้ำชา|ตลาดแหล่งชุมชน
กรมส่งเสริมการท่องเที่ยวในท้องถิ่น|ธรรมชาติและสถานที่สวยงาม
สวนพฤกษศาสตร์|พิพิธภัณฑ์
สถานีบริการน้ำมัน|other
ปราสาท|แลนด์มาร์กและอนุสรณ์สถาน
ตลาดเกษตรกร|ตลาดแหล่งชุมชน
โรงพยาบาลสัตว์|other
伝統的な紅茶・緑茶店|ตลาดแหล่งชุมชน
วิทยาลัย|other
ช่างประกอบแว่นสายตา|other
สะพาน|แลนด์มาร์กและอนุสรณ์สถาน
ร้านขายอุปกรณ์ฮาร์ดแวร์|other
สถานที่สำคัญทางโบราณคดี|สถานที่เกี่ยวกับศาสนา
ศูนย์จัดแสดงและขายสินค้า|ตลาดแหล่งชุมชน
ตัวแทนจำหน่ายรถโตโยต้า|other
โบสถ์|สถานที่เกี่ยวกับศาสนา
ร้านเสื้อผ้า|other
เกาะ|ธรรมชาติและสถานที่สวยงาม
สถานที่บูชาทางศาสนา|สถานที่เกี่ยวกับศาสนา
ศาลเจ้าชินโต|สถานที่เกี่ยวกับศาสนา
อาราม|สถานที่เกี่ยวกับศาสนา
ภัตตาคารอาหารญี่ปุ่น|other
ยอดเขา|ธรรมชาติและสถานที่สวยงาม
สวนอนุสรณ์สถาน|แลนด์มาร์กและอนุสรณ์สถาน
สวนสาธารณะของเมือง|ตลาดแหล่งชุมชน
โฮมสเตย์|other
พิพิธภัณฑ์ประวัติศาสตร์|พิพิธภัณฑ์
สนามกีฬา|ตลาดแหล่งชุมชน
ห้างสรรพสินค้า|other
ที่พัก|other
ร้านสะดวกซื้อ|other
ศูนย์การค้า|other
ภัตตาคารอาหารสวีเดน|ตลาดแหล่งชุมชน
ร้านขายของชำ|ตลาดแหล่งชุมชน
ดาดฟ้าชมวิว|ธรรมชาติและสถานที่สวยงาม
ร้านค้า|ตลาดแหล่งชุมชน
โรงคั่วกาแฟ|ตลาดแหล่งชุมชน
นวดแผนไทย|ตลาดแหล่งชุมชน
